{"cameraMode":{"drawMode":0,"name":"Shaded","section":"Shading Mode"},"sceneLighting":false,"audioPlay":false,"sceneViewState":{"showFog":true,"showMaterialUpdate":false,"showSkybox":true,"showFlares":true,"showImageEffects":true,"showParticleSystems":true},"in2DMode":false,"pivot":{"x":-4.659999847412109,"y":-8.800000190734864,"z":0.0},"rotation":{"x":-0.15713919699192048,"y":-0.01422334834933281,"z":0.0022634516935795547,"w":-0.9874714612960815},"size":1.680374026298523,"orthographic":false}