{"cameraMode":{"drawMode":0,"name":"Shaded","section":"Shading Mode"},"sceneLighting":false,"audioPlay":false,"sceneViewState":{"showFog":true,"showMaterialUpdate":false,"showSkybox":true,"showFlares":true,"showImageEffects":true,"showParticleSystems":true},"in2DMode":false,"pivot":{"x":490.83929443359377,"y":308.3569030761719,"z":20.13574981689453},"rotation":{"x":-0.1332792341709137,"y":-0.043991830199956897,"z":0.005921923089772463,"w":-0.9900840520858765},"size":646.6132202148438,"orthographic":false}