{"cameraMode":{"drawMode":0,"name":"Shaded","section":"Shading Mode"},"sceneLighting":false,"audioPlay":false,"sceneViewState":{"showFog":true,"showMaterialUpdate":false,"showSkybox":true,"showFlares":true,"showImageEffects":true,"showParticleSystems":true},"in2DMode":false,"pivot":{"x":488.3358154296875,"y":520.539794921875,"z":56.499996185302737},"rotation":{"x":-0.03475577011704445,"y":-0.05184848606586456,"z":0.0018055600812658668,"w":-0.9980483651161194},"size":1088.825439453125,"orthographic":false}